X1,X2,Y
21.624,20.092,0
19.388,-4.937,0
19.472,24.552,0
18.927,15.687,0
20.865,5.755,0
17.698,8.984,0
21.745,13.097,0
19.239,25.326,0
20.319,25.935,0
19.751,34.898,0
21.462,27.941,0
17.94,4.423,0
19.678,5.585,0
19.616,30.923,0
21.134,36.801,0
18.9,16.523,0
19.828,25.416,0
19.122,4.073,0
20.042,0.603,0
20.583,8.843,0
18.899,15.328,0
21.145,15.931,0
20.902,18.6,0
20.502,15.592,0
20.901,27.694,0
19.316,33.592,0
19.877,20.239,0
19.064,39.364,0
19.732,13.388,0
20.53,15.279,0
19.308,23.186,0
19.603,16.055,0
19.313,31.083,0
19.155,12.744,0
19.329,32.556,0
19.987,21.929,0
18.883,44.537,0
20.234,15.593,0
21.66,19.633,0
20.742,22.199,0
19.808,-2.002,0
19.112,25.135,0
19.253,24.061,0
21.692,22.786,0
20.051,4.607,0
19.363,3.897,0
20.191,26.057,0
22.1,33.852,0
20.12,36.065,0
20.617,11.663,0
20.3,9.992,0
19.648,16.928,0
18.857,-0.9,0
19.651,13.761,0
19.791,28.309,0
20.587,36.933,0
20.839,23.631,0
20.931,37.337,0
20.286,24.394,0
20.885,22.799,0
19.246,17.531,0
21.253,23.122,0
20.513,17.964,0
19.702,18.293,0
20.489,13.87,0
19.924,22.515,0
21.132,21.276,0
21.52,6.724,0
22.186,19.779,0
18.604,10.047,0
18.556,-1.926,0
19.496,24.334,0
20.16,35.747,0
20.876,44.573,0
20.316,35.94,0
17.978,9.27,0
19.694,31.446,0
20.828,32.027,0
20.23,0.352,0
20.762,29.375,0
19.778,26.049,0
19.799,21.427,0
20.187,23.073,0
20.41,20.993,0
20.198,36.518,0
20.119,16.101,0
19.329,17.33,0
20.378,20.451,0
20.122,22.878,0
21.129,3.497,0
21.199,35.079,0
20.185,22.447,0
19.625,25.316,0
19.361,21.334,0
20.423,18.559,0
20.077,16.525,0
19.656,20.617,0
20.044,21.564,0
19.38,30.933,0
20.698,24.159,0
19.553,18.218,0
21.225,41.09,0
20.403,7.609,0
20.594,7.191,0
18.905,22.451,0
20.169,18.046,0
20.741,2.995,0
19.046,15.924,0
19.734,12.627,0
20.033,31.344,0
18.627,12.414,0
20.315,30.821,0
20.846,25.444,0
19.14,17.077,0
20.351,20.562,0
18.688,22.974,0
19.961,-3.119,0
18.384,21.655,0
21.121,17.33,0
20.409,38.388,0
19.975,13.063,0
19.225,30.65,0
21.274,-3.875,0
21.967,30.113,0
18.142,20.903,0
21.236,18.766,0
21.628,20.419,0
20.338,17.732,0
18.801,23.031,0
20.863,19.521,0
19.819,1.942,0
19.396,17.538,0
18.77,41.117,0
20.551,21.019,0
20.793,23.701,0
19.376,14.996,0
20.521,22.261,0
18.856,20.635,0
20.802,18.19,0
20.047,28.679,0
19.813,10.583,0
19.898,18.596,0
20.869,25.919,0
20.75,18.08,0
20.529,8.291,0
20.138,25.72,0
20.078,10.256,0
20.618,16.145,0
20.232,11.951,0
20.683,19.575,0
19.69,15.396,0
17.565,12.819,0
21.039,27.849,0
22.187,39.813,0
20.441,16.866,0
19.9,25.126,0
19.864,16.309,0
19.881,20.87,0
20.017,31.295,0
18.878,19.381,0
19.483,11.327,0
19.003,11.704,0
20.249,14.081,0
19.703,19.57,0
20.495,29.075,0
19.825,6.237,0
20.986,10.613,0
20.214,10.968,0
22.191,4.697,0
18.104,31.363,0
19.353,18.989,0
20.901,39.909,0
22.528,8.285,0
19.751,32.693,0
20.044,13.027,0
19.774,15.7,0
21.331,11.442,0
19.713,10.214,0
20.68,7.443,0
19.68,21.844,0
18.727,5.585,0
20.314,17.896,0
20.503,20.411,0
21.293,27.959,0
19.89,20.893,0
19.383,22.596,0
20.563,25.707,0
20.241,20.068,0
20.281,23.914,0
19.927,10.13,0
21.16,13.406,0
20.369,39.345,0
21.905,21.787,0
21.111,14.006,0
20.659,34.458,0
18.373,16.804,0
20.602,14.137,0
20.42,5.93,0
20.811,28.606,0
21.044,10.181,0
19.599,14.209,0
20.824,27.265,0
19.438,21.274,0
21.955,21.091,0
18.668,16.528,0
18.239,29.699,0
18.349,40.652,0
19.109,13.622,0
18.881,24.57,0
21.956,41.244,0
19.674,30.464,0
18.657,11.789,0
21.114,16.808,0
19.413,13.434,0
18.763,9.629,0
20.876,14.637,0
20.623,23.242,0
19.565,13.695,0
21.408,30.17,0
20.129,21.362,0
21.617,17.646,0
20.503,29.364,0
21.559,24.749,0
20.109,22.758,0
18.78,29.181,0
22.449,28.182,0
19.454,18.365,0
19.801,29.177,0
19.3,22.393,0
19.797,48.97,0
20.243,31.23,0
20.202,31.734,0
20.661,33.571,0
21.792,22.591,0
19.88,33.008,0
18.767,19.0,0
18.818,10.506,0
19.334,13.694,0
18.326,23.605,0
20.825,5.214,0
19.502,21.585,0
19.689,12.406,0
19.998,27.18,0
18.603,11.142,0
19.139,37.862,0
20.675,28.353,0
20.619,7.93,0
19.557,37.144,0
21.811,19.538,0
18.694,11.42,0
19.655,9.417,0
19.769,25.447,0
17.207,32.252,0
21.938,16.153,0
20.366,10.39,0
18.955,7.558,0
22.051,37.015,0
20.586,37.293,0
20.43,16.945,0
19.393,24.77,0
20.106,20.077,0
18.474,17.868,0
20.795,30.435,0
19.626,24.035,0
20.134,23.429,0
21.202,18.276,0
20.285,28.441,0
20.262,17.442,0
20.276,20.776,0
19.267,21.462,0
20.836,8.824,0
21.543,18.552,0
20.759,17.633,0
20.885,21.897,0
19.123,8.005,0
19.132,7.267,0
18.559,34.794,0
21.232,32.797,0
19.746,28.636,0
21.4,39.648,0
19.218,23.414,0
19.562,18.652,0
20.095,24.917,0
20.921,2.129,0
20.061,9.08,0
20.211,27.797,0
20.017,20.343,0
20.177,7.401,0
18.884,25.469,0
20.081,30.07,0
19.813,26.492,0
19.943,19.64,0
20.492,12.132,0
19.319,20.395,0
19.915,24.185,0
19.703,16.117,0
20.417,26.448,0
20.785,23.929,0
19.045,22.376,0
20.586,0.261,0
22.066,32.877,0
18.529,35.773,0
19.17,15.145,0
19.119,4.35,0
19.721,26.11,0
21.623,16.966,0
20.013,10.343,0
19.305,31.482,0
20.622,6.788,0
19.4,26.574,0
21.123,8.646,0
20.305,34.928,0
21.389,26.554,0
19.339,16.765,0
23.031,24.525,0
20.825,26.645,0
20.655,28.954,0
19.949,28.227,0
19.274,24.742,0
19.132,14.358,0
19.864,26.505,0
19.203,6.089,0
20.283,30.324,0
19.174,27.904,0
20.621,34.562,0
20.956,15.068,0
19.294,21.156,0
21.193,29.776,0
19.762,22.941,0
21.155,16.889,0
20.438,23.511,0
21.122,21.803,0
19.003,28.96,0
19.893,13.609,0
21.451,24.846,0
19.382,22.311,0
17.963,25.536,0
18.057,17.328,0
17.494,18.767,0
17.886,17.176,0
19.588,19.929,0
21.279,21.362,0
19.558,16.29,0
20.324,48.597,0
19.89,11.451,0
20.009,8.274,0
19.832,11.876,0
19.826,12.725,0
20.461,20.576,0
18.824,33.133,0
21.01,37.894,0
20.92,23.293,0
19.805,-5.177,0
20.805,24.649,0
19.299,6.192,0
19.463,14.456,0
20.156,8.659,0
19.81,24.066,0
19.551,13.285,0
19.328,27.049,0
19.443,24.216,0
20.939,18.538,0
18.057,18.862,0
20.352,29.527,0
19.764,16.042,0
20.728,29.884,0
20.515,20.322,0
17.217,19.911,0
20.585,28.577,0
20.324,33.64,0
20.022,25.23,0
19.531,20.115,0
20.853,28.06,0
19.587,4.132,0
21.835,38.224,0
20.564,7.309,0
22.138,31.175,0
19.214,13.573,0
18.244,23.317,0
20.715,19.549,0
20.853,23.889,0
20.035,12.027,0
18.461,-3.145,0
19.552,23.619,0
20.618,14.613,0
19.816,13.329,0
19.884,12.631,0
19.825,39.669,0
19.066,13.244,0
19.467,22.735,0
18.573,6.969,0
21.768,36.999,0
19.525,13.962,0
20.478,-5.529,0
18.978,46.098,0
20.795,9.813,0
18.127,31.216,0
20.921,28.251,0
19.965,26.486,0
22.111,19.796,0
18.693,20.585,0
20.076,32.316,0
20.367,17.358,0
21.233,23.746,0
19.577,28.86,0
20.086,20.92,0
17.858,13.608,0
19.17,33.687,0
20.452,23.869,0
21.104,19.852,0
19.718,11.959,0
22.056,12.0,0
21.76,30.698,0
19.939,29.432,0
17.586,-4.121,0
18.222,12.068,0
19.222,28.871,0
21.116,45.359,0
20.31,41.814,0
17.906,27.324,0
19.771,33.505,0
21.613,16.339,0
19.625,27.371,0
19.25,6.878,0
22.055,16.436,0
20.053,23.263,0
19.521,41.2,0
20.35,27.83,0
20.017,22.755,0
19.571,17.87,0
21.208,7.984,0
21.116,27.144,0
20.841,17.35,0
19.897,22.288,0
21.147,12.254,0
19.95,21.163,0
20.467,5.096,0
21.034,26.073,0
20.809,34.006,0
21.79,30.929,0
20.451,41.59,0
18.316,21.561,0
18.84,23.893,0
21.35,26.499,0
19.669,10.871,0
20.387,41.919,0
19.149,29.034,0
21.001,18.573,0
19.615,10.587,0
21.458,27.273,0
19.468,28.043,0
21.118,22.497,0
20.674,22.535,0
19.278,17.396,0
21.099,21.072,0
19.098,32.45,0
19.178,33.184,0
20.722,5.72,0
19.375,20.763,0
19.406,7.365,0
19.656,6.299,0
19.0,24.859,0
21.045,12.629,0
20.609,-10.925,0
19.931,26.382,0
19.892,32.713,0
20.45,40.838,0
21.765,17.802,0
20.871,35.325,0
19.492,-6.719,0
20.777,10.343,0
19.881,25.071,0
19.801,24.516,0
21.866,35.071,0
19.581,29.148,0
19.521,18.705,0
18.048,33.34,0
18.598,25.462,0
20.451,37.622,0
19.305,11.262,0
20.515,23.518,0
18.885,14.589,0
19.233,27.292,0
20.675,18.479,0
21.461,18.942,0
20.592,7.328,0
21.198,24.28,0
21.705,32.859,0
21.04,31.122,0
19.082,-11.079,0
19.895,3.698,0
20.63,40.682,0
19.585,17.709,0
20.452,18.963,0
18.421,30.074,0
19.171,21.138,0
20.529,14.203,0
17.763,15.664,0
18.892,37.864,0
19.982,6.168,0
18.281,31.293,0
20.057,16.933,0
19.2,16.488,0
19.708,38.338,0
19.741,13.312,0
20.189,28.54,0
19.436,15.806,0
20.09,5.769,0
19.399,17.739,0
20.556,32.245,0
21.694,19.835,0
20.197,25.691,0
20.17,22.055,0
18.836,19.304,0
20.693,16.518,0
19.242,20.56,0
19.191,-1.138,0
20.557,16.074,0
20.181,2.142,0
21.107,23.804,0
21.443,24.989,0
19.46,11.5,0
20.128,28.141,0
21.76,25.719,0
20.967,23.902,0
20.713,17.099,0
21.306,26.034,0
19.395,29.937,0
20.637,14.032,0
21.409,13.241,0
21.621,33.511,0
19.194,-3.99,0
19.748,-6.425,0
20.383,2.235,0
19.711,21.528,0
19.608,21.132,0
20.684,25.649,0
19.647,20.406,0
18.212,33.586,0
20.362,36.12,0
19.576,31.166,0
19.268,7.71,0
18.434,22.07,0
21.014,12.352,0
17.773,12.766,0
18.301,8.067,0
19.724,19.831,0
21.229,26.67,0
21.31,22.097,0
18.845,6.911,0
19.822,4.562,0
18.49,10.869,0
21.011,13.235,0
18.523,26.366,0
19.857,16.664,0
21.033,19.146,0
19.778,18.208,0
21.47,32.439,0
19.13,35.491,0
20.369,24.64,0
20.853,18.37,0
19.86,33.885,0
21.386,25.769,0
20.548,16.337,0
18.363,28.468,0
23.959,26.031,0
20.649,6.308,0
20.107,26.376,0
18.601,21.599,0
20.082,1.515,0
19.54,-1.97,0
20.644,22.007,0
20.372,27.205,0
21.853,27.939,0
20.142,6.532,0
20.514,17.043,0
20.372,27.038,0
19.852,4.494,0
19.817,20.669,0
21.101,23.234,0
20.78,30.018,0
19.371,-5.168,0
18.887,20.336,0
19.933,40.114,0
21.161,14.949,0
19.972,16.81,0
21.746,31.286,0
19.225,11.594,0
20.142,31.711,0
17.484,22.889,0
19.404,3.664,0
19.691,20.697,0
20.511,5.921,0
21.711,31.236,0
20.035,3.228,0
21.454,3.336,0
20.662,9.289,0
20.986,12.956,0
19.534,32.683,0
21.385,21.202,0
18.927,21.837,0
20.495,31.244,0
19.048,12.07,0
19.482,13.699,0
18.539,10.064,0
19.484,27.333,0
20.351,36.684,0
19.931,22.519,0
18.652,12.419,0
21.471,16.267,0
20.337,9.214,0
21.008,28.32,0
20.785,10.156,0
19.335,16.789,0
18.055,6.365,0
19.085,0.09,0
21.225,-4.174,0
18.946,10.047,0
20.816,22.997,0
19.388,16.209,0
20.393,18.157,0
18.176,7.462,0
21.167,11.85,0
19.96,9.283,0
20.886,22.998,0
20.19,40.666,0
20.798,19.434,0
19.898,6.205,0
20.743,33.47,0
18.49,8.505,0
18.919,24.495,0
20.725,16.299,0
19.961,20.772,0
19.771,54.098,0
19.82,12.345,0
20.502,14.635,0
19.407,23.159,0
20.51,20.291,0
19.084,15.023,0
19.593,12.709,0
20.985,26.89,0
21.071,31.845,0
18.903,9.382,0
20.839,9.474,0
18.961,37.26,0
20.733,6.481,0
18.101,25.255,0
18.883,23.274,0
19.491,8.461,0
19.834,27.428,0
21.424,10.391,0
20.904,10.008,0
21.575,7.68,0
21.207,29.549,0
19.717,15.224,0
19.734,30.586,0
21.069,12.968,0
20.04,26.187,0
19.843,33.917,0
18.665,17.805,0
19.894,8.639,0
17.209,13.783,0
19.544,32.111,0
19.02,26.411,0
20.693,16.833,0
19.521,2.078,0
19.671,26.826,0
21.347,37.656,0
18.951,35.437,0
20.317,24.645,0
18.105,16.194,0
20.09,12.229,0
20.41,14.684,0
20.86,4.362,0
19.101,40.447,0
20.32,20.05,0
20.318,44.162,0
19.981,19.236,0
20.15,3.967,0
20.464,39.079,0
20.398,11.8,0
19.004,14.625,0
18.804,35.29,0
22.506,37.094,0
21.92,1.658,0
18.608,18.619,0
20.45,9.555,0
20.627,26.019,0
20.751,38.873,0
20.14,14.965,0
19.073,34.005,0
19.818,10.531,0
19.509,41.232,0
20.134,11.878,0
19.732,15.098,0
19.868,22.838,0
21.019,7.013,0
21.231,36.727,0
18.819,8.119,0
19.54,25.68,0
19.209,6.318,0
21.224,22.322,0
19.941,19.835,0
21.449,17.567,0
19.522,24.415,0
20.026,8.858,0
18.651,33.87,0
21.303,23.327,0
19.637,-8.277,0
18.515,38.57,0
19.408,23.935,0
17.695,33.231,0
19.968,18.199,0
20.112,-2.514,0
20.288,16.091,0
21.498,9.237,0
19.699,19.314,0
20.807,15.98,0
20.312,22.402,0
19.807,2.163,0
17.923,18.461,0
20.948,16.352,0
19.496,25.831,0
20.018,3.095,0
18.73,14.479,0
20.283,36.867,0
20.108,8.297,0
20.029,27.41,0
19.865,33.17,0
21.049,20.948,0
20.966,30.851,0
20.726,31.14,0
23.321,39.019,0
19.4,15.721,0
19.62,18.497,0
18.985,27.026,0
20.436,12.98,0
19.313,19.793,0
17.302,10.316,0
18.787,-4.504,0
20.072,23.421,0
21.01,38.034,0
18.443,14.722,0
19.388,20.231,0
19.861,15.33,0
19.271,11.862,0
20.531,21.892,0
20.004,30.733,0
20.321,42.48,0
19.275,27.54,0
21.537,11.923,0
20.0,5.729,0
21.294,34.362,0
19.561,22.728,0
20.59,14.485,0
19.321,8.759,0
19.049,10.972,0
19.296,31.63,0
19.954,19.731,0
19.781,5.777,0
21.539,30.265,0
18.851,21.952,0
18.91,15.998,0
21.7,27.777,0
20.609,12.332,0
18.119,27.758,0
20.497,6.249,0
20.237,11.203,0
17.856,4.087,0
19.63,15.465,0
19.983,12.408,0
20.731,17.105,0
20.954,21.002,0
20.096,25.638,0
21.033,22.499,0
19.854,22.372,0
19.143,35.186,0
19.066,16.401,0
20.543,5.959,0
18.042,27.556,0
20.678,39.037,0
18.893,20.766,0
19.641,28.036,0
20.505,13.949,0
21.218,23.075,0
18.059,24.43,0
19.194,22.98,0
20.049,14.652,0
19.404,35.71,0
20.862,22.59,0
17.914,27.216,0
20.362,24.42,0
20.426,29.163,0
20.049,29.382,0
21.102,18.941,0
18.77,27.107,0
21.109,42.713,0
19.297,39.287,0
20.726,28.366,0
19.676,36.548,0
20.814,7.735,0
20.78,35.504,0
18.536,19.285,0
19.846,1.976,0
19.908,21.56,0
19.762,29.525,0
19.244,12.284,0
21.851,41.223,0
20.209,33.701,0
21.555,8.804,0
19.431,29.522,0
18.938,20.058,0
20.132,14.615,0
19.437,16.27,0
22.39,17.94,0
20.245,8.083,0
21.153,16.669,0
19.776,26.703,0
19.674,33.933,0
19.969,34.552,0
20.356,14.622,0
20.85,19.677,0
19.878,11.284,0
19.319,29.619,0
18.932,2.451,0
19.923,6.291,0
20.573,14.214,0
20.458,22.973,0
19.982,16.771,0
19.4,19.731,0
20.147,20.622,0
20.572,22.905,0
19.963,9.619,0
20.112,16.719,0
19.849,25.626,0
20.915,23.718,0
19.562,30.495,0
20.186,12.723,0
20.394,29.457,0
20.726,35.392,0
21.496,20.07,0
20.675,23.335,0
20.599,22.851,0
18.53,23.886,0
20.606,24.486,0
22.294,36.989,0
19.17,24.304,0
18.98,27.625,0
19.785,23.101,0
21.021,10.604,0
20.525,24.858,0
19.523,17.223,0
19.964,13.613,0
21.037,12.093,0
20.673,19.969,0
22.429,16.354,0
21.006,41.402,0
20.354,36.321,0
20.615,17.945,0
19.651,26.743,0
19.022,30.592,0
20.172,18.444,0
20.491,38.973,0
18.605,27.826,0
19.478,18.461,0
19.631,1.638,0
20.266,10.606,0
19.74,22.926,0
20.445,16.062,0
20.098,19.891,0
21.06,13.187,0
18.289,20.758,0
21.657,17.074,0
21.418,5.891,0
20.05,16.634,0
20.65,14.93,0
20.607,5.09,0
19.263,33.494,0
20.165,19.404,0
20.778,17.51,0
20.31,27.814,0
21.051,20.225,0
20.095,27.768,0
20.081,5.274,0
19.232,8.866,0
19.635,25.088,0
19.54,34.459,0
21.705,22.006,0
20.241,22.405,0
19.001,10.766,0
20.399,20.099,0
19.808,12.719,0
16.946,15.344,0
20.48,27.703,0
18.447,-1.54,0
20.578,22.709,0
19.039,10.993,0
18.542,12.076,0
20.494,31.876,0
18.506,21.46,0
19.553,28.89,0
20.204,2.567,0
20.612,16.51,0
20.745,16.208,0
19.964,14.069,0
19.168,23.57,0
21.924,30.883,0
19.394,8.326,0
21.804,12.177,0
19.547,7.028,0
21.161,32.637,0
21.07,15.923,0
18.954,17.941,0
20.355,17.033,0
20.755,11.119,0
20.701,24.434,0
19.801,23.631,0
20.302,29.715,0
19.605,17.351,0
18.828,15.857,0
20.984,15.129,0
19.44,34.322,0
21.38,31.455,0
20.602,20.199,0
19.107,25.597,0
19.839,13.98,0
19.714,40.258,0
19.129,13.213,0
20.501,16.705,0
19.521,15.811,0
21.632,38.644,0
20.861,22.337,0
19.12,29.964,0
19.981,18.88,0
19.773,7.643,0
18.435,26.19,0
20.931,14.667,0
20.95,7.765,0
20.926,16.765,0
19.543,25.86,0
21.069,38.712,0
19.79,5.915,0
20.935,-1.055,0
21.813,31.114,0
20.14,23.141,0
18.581,12.946,0
19.683,23.867,0
20.641,27.935,0
21.22,40.341,0
18.866,17.563,0
19.809,32.607,0
20.233,15.716,0
20.435,15.338,0
20.91,25.148,0
19.052,7.902,0
19.577,6.557,0
21.008,30.64,0
20.392,0.762,0
20.448,21.582,0
21.125,17.878,0
20.104,16.374,0
20.528,7.205,0
19.685,-0.674,0
18.655,12.046,0
18.705,7.053,0
20.074,15.82,0
19.8,20.681,0
19.345,11.928,0
20.318,9.593,0
19.11,22.01,0
20.111,12.493,0
19.98,10.385,0
19.16,16.168,0
17.702,20.557,0
21.457,42.544,0
20.317,36.452,0
17.336,4.702,0
19.574,6.331,0
20.394,21.041,0
19.772,25.342,0
20.58,19.263,0
19.027,40.75,0
20.175,31.946,0
19.947,36.347,0
19.817,15.638,0
19.779,10.81,0
20.2,9.497,0
20.933,19.795,0
19.47,6.886,0
19.593,13.255,0
20.161,15.853,0
19.88,29.323,0
20.386,15.657,0
20.718,6.648,0
21.291,16.816,0
19.884,21.769,0
17.723,23.332,0
19.93,10.714,0
20.354,26.828,0
19.813,33.681,0
25.49,49.718,1
25.239,52.317,1
24.552,59.414,1
24.389,63.717,1
22.97,53.253,1
25.608,46.931,1
24.646,56.563,1
25.153,42.169,1
25.501,52.639,1
24.214,67.113,1
26.017,65.753,1
25.113,47.089,1
26.497,61.201,1
25.169,46.29,1
25.319,44.168,1
24.727,33.633,1
26.476,56.845,1
22.897,50.956,1
24.467,59.312,1
24.695,57.754,1
23.47,45.474,1
24.205,57.836,1
22.828,66.635,1
25.19,73.203,1
23.595,56.319,1
25.37,53.255,1
24.738,53.625,1
24.167,50.001,1
23.446,42.691,1
24.317,65.09,1
25.311,57.936,1
24.875,51.34,1
25.666,65.542,1
24.212,57.609,1
26.606,39.043,1
24.762,62.128,1
24.155,45.06,1
26.31,38.134,1
26.358,54.256,1
24.91,46.808,1
24.516,42.071,1
25.91,66.746,1
24.106,49.703,1
25.935,50.413,1
23.613,46.099,1
24.917,45.987,1
25.012,51.9,1
26.208,47.997,1
23.171,80.554,1
25.234,39.691,1
24.879,51.052,1
25.003,45.3,1
24.116,42.09,1
23.698,42.019,1
24.537,49.813,1
24.758,59.07,1
26.475,63.42,1
25.111,57.078,1
24.996,45.759,1
25.698,69.916,1
23.388,66.165,1
25.723,68.354,1
25.915,46.201,1
25.907,57.121,1
24.667,56.77,1
23.765,54.614,1
24.015,54.703,1
25.247,55.738,1
25.537,47.512,1
26.277,63.35,1
26.521,65.298,1
25.871,57.234,1
25.034,50.587,1
25.265,54.323,1
24.765,62.249,1
26.055,49.78,1
25.594,57.589,1
25.216,42.863,1
23.744,52.537,1
26.047,38.3,1
23.473,37.104,1
26.232,72.117,1
25.985,52.301,1
23.413,59.45,1
24.952,23.183,1
23.759,46.382,1
24.855,48.098,1
25.555,44.973,1
24.863,51.26,1
23.636,39.973,1
25.261,62.819,1
25.259,56.849,1
24.973,38.529,1
23.955,53.801,1
24.65,52.795,1
25.269,66.377,1
24.845,60.404,1
27.113,40.929,1
25.256,42.484,1
24.793,59.738,1
25.483,37.267,1
23.895,54.894,1
25.421,43.637,1
26.617,56.706,1
24.116,54.499,1
25.299,54.044,1
25.767,43.299,1
23.307,48.642,1
26.639,63.841,1
23.955,47.109,1
24.665,54.132,1
25.381,66.868,1
24.767,68.863,1
25.803,66.35,1
25.151,51.579,1
25.57,51.598,1
25.075,48.309,1
26.472,46.351,1
22.985,46.345,1
25.364,36.254,1
24.699,55.48,1
24.041,46.195,1
24.188,60.501,1
24.428,59.928,1
25.578,64.509,1
24.104,41.336,1
24.837,47.57,1
25.275,42.973,1
23.844,33.253,1
26.112,44.41,1
27.422,44.494,1
24.326,60.632,1
25.919,23.528,1
24.69,54.793,1
25.533,47.997,1
24.818,45.242,1
27.209,49.148,1
24.676,54.333,1
25.794,49.814,1
25.607,74.39,1
23.916,50.884,1
22.84,43.131,1
25.579,45.282,1
25.845,48.683,1
24.463,65.369,1
24.367,54.798,1
25.977,64.747,1
25.853,38.211,1
25.956,46.084,1
25.261,50.958,1
24.212,47.207,1
23.782,55.812,1
23.007,58.522,1
24.942,46.281,1
26.919,23.199,1
25.478,41.25,1
24.92,37.915,1
23.479,54.304,1
24.332,69.767,1
25.005,53.436,1
24.778,67.976,1
25.908,54.289,1
24.841,61.071,1
25.695,53.936,1
24.886,57.44,1
24.81,40.54,1
26.259,48.158,1
24.248,64.329,1
24.717,59.014,1
23.707,35.155,1
25.097,60.848,1
26.07,63.386,1
25.681,47.925,1
25.734,54.074,1
26.053,45.312,1
25.625,53.709,1
25.758,52.329,1
25.404,46.551,1
24.025,48.619,1
25.526,45.101,1
25.946,57.836,1
24.108,42.666,1
25.236,53.776,1
26.083,53.891,1
24.627,41.745,1
23.679,44.691,1
25.062,53.187,1
26.594,65.338,1
24.087,42.682,1
24.895,48.656,1
24.249,47.386,1
24.641,32.107,1
25.235,48.756,1
26.477,58.996,1
24.283,57.097,1
24.291,44.491,1
24.127,54.485,1
23.906,46.418,1
23.465,52.041,1
24.149,58.508,1
24.894,43.257,1
25.041,54.838,1
26.172,34.774,1
24.178,58.932,1
24.22,33.762,1
24.243,48.606,1
25.196,48.299,1
24.842,58.458,1
25.777,68.669,1
24.211,47.331,1
25.913,50.999,1
25.943,40.356,1
24.738,55.389,1
24.377,59.357,1
25.181,61.947,1
24.208,39.248,1
26.992,43.257,1
25.141,59.187,1
25.792,60.184,1
23.733,28.233,1
23.249,40.084,1
25.687,28.738,1
25.516,48.604,1
24.239,50.656,1
24.433,52.925,1
24.32,53.841,1
25.228,56.8,1
25.924,49.917,1
23.455,33.336,1
25.479,52.616,1
24.126,56.638,1
24.469,35.344,1
24.84,40.162,1
23.639,60.651,1
27.844,69.145,1
27.425,47.774,1
25.752,37.709,1
25.656,44.672,1
23.956,40.667,1
27.377,47.805,1
25.018,58.246,1
24.877,30.656,1
26.204,30.769,1
25.261,69.69,1
24.223,41.179,1
24.781,61.618,1
24.624,31.171,1
25.065,58.651,1
25.554,36.415,1
25.533,40.659,1
26.301,37.335,1
24.996,55.443,1
25.958,40.546,1
26.707,41.722,1
23.774,55.511,1
25.713,66.392,1
23.928,53.221,1
23.493,51.103,1
26.585,59.383,1
26.135,67.813,1
25.523,48.04,1
24.523,39.745,1
26.504,69.935,1
23.633,62.782,1
25.067,37.926,1
25.485,58.618,1
26.287,55.362,1
23.474,47.763,1
21.936,35.412,1
25.115,36.007,1
25.317,44.842,1
25.174,49.453,1
24.123,65.533,1
24.956,35.967,1
23.46,58.642,1
25.421,52.55,1
25.893,59.052,1
24.268,69.494,1
22.996,43.56,1
24.87,51.249,1
24.801,32.985,1
24.919,43.221,1
26.304,66.921,1
25.139,70.385,1
27.084,53.756,1
25.381,49.859,1
23.913,53.521,1
26.134,54.104,1
24.91,72.435,1
24.511,39.407,1
25.279,33.43,1
25.115,42.665,1
23.441,34.664,1
24.15,50.286,1
26.152,51.715,1
25.176,35.243,1
25.639,50.31,1
26.02,48.082,1
26.793,54.191,1
24.361,42.952,1
24.297,45.292,1
24.075,46.197,1
24.4,62.689,1
24.087,37.737,1
24.985,44.16,1
24.892,50.54,1
25.581,49.855,1
23.809,60.373,1
24.346,46.313,1
25.359,53.824,1
25.699,51.026,1
22.683,39.145,1
24.398,46.324,1
24.746,49.459,1
22.959,39.968,1
25.449,76.411,1
26.204,53.439,1
23.057,58.513,1
23.435,65.093,1
25.952,70.996,1
26.135,33.104,1
23.727,42.317,1
24.012,35.0,1
25.659,45.753,1
24.757,46.191,1
24.479,34.761,1
26.594,62.698,1
25.298,63.045,1
23.181,41.108,1
25.253,57.058,1
23.595,57.135,1
25.742,57.358,1
25.982,37.401,1
25.439,74.892,1
25.928,71.8,1
26.964,47.072,1
25.727,46.095,1
24.628,36.32,1
23.907,55.055,1
25.224,50.193,1
23.965,53.785,1
23.561,44.35,1
24.538,36.915,1
23.222,38.612,1
23.7,42.527,1
25.501,51.993,1
24.525,47.249,1
24.693,57.483,1
24.974,56.756,1
23.046,57.386,1
25.186,53.152,1
24.996,68.556,1
24.955,71.395,1
25.343,45.429,1
22.835,37.259,1
26.912,59.581,1
24.697,55.57,1
23.566,56.591,1
25.112,45.134,1
23.729,38.486,1
25.066,48.5,1
25.541,67.906,1
23.681,46.659,1
25.845,57.806,1
25.131,44.502,1
25.349,41.552,1
25.404,42.399,1
25.512,27.997,1
26.12,44.566,1
25.86,59.695,1
25.487,50.92,1
24.236,40.776,1
25.286,49.75,1
24.442,52.04,1
23.551,56.875,1
24.959,42.645,1
24.087,49.011,1
26.135,54.464,1
24.962,60.497,1
25.045,37.538,1
25.775,47.717,1
24.582,31.593,1
24.743,41.347,1
26.165,54.536,1
23.616,65.708,1
24.133,46.751,1
24.866,45.85,1
25.785,40.79,1
25.25,36.582,1
23.842,40.225,1
24.08,55.287,1
26.694,30.736,1
25.316,48.256,1
24.382,42.55,1
24.516,39.061,1
28.74,56.119,1
26.34,43.418,1
23.364,37.487,1
24.541,43.705,1
25.723,35.278,1
24.725,33.278,1
26.139,43.172,1
26.764,40.313,1
25.008,58.919,1
25.295,49.476,1
24.831,38.191,1
25.883,49.823,1
26.5,58.511,1
25.934,56.698,1
23.917,66.064,1
25.754,42.728,1
24.421,62.251,1
26.748,48.057,1
25.476,51.24,1
26.058,42.474,1
24.979,39.597,1
24.968,68.135,1
25.431,69.344,1
24.969,52.928,1
26.579,59.922,1
23.858,51.006,1
25.685,66.505,1
24.413,31.605,1
25.861,67.163,1
23.203,31.402,1
26.286,67.277,1
24.691,71.09,1
23.766,36.235,1
25.717,43.628,1
24.808,49.685,1
25.277,58.624,1
26.228,29.536,1
23.909,47.338,1
24.264,55.926,1
25.08,57.937,1
25.568,57.069,1
24.296,44.771,1
24.207,45.097,1
25.771,45.132,1
25.984,76.275,1
26.397,41.09,1
24.705,52.131,1
22.418,44.248,1
25.523,48.886,1
25.76,53.971,1
23.533,42.716,1
25.09,50.466,1
25.275,45.785,1
25.34,57.673,1
24.535,45.529,1
25.083,50.659,1
25.6,50.653,1
23.224,67.073,1
25.911,69.451,1
24.634,37.64,1
25.765,42.779,1
24.297,34.686,1
23.288,44.398,1
26.181,49.904,1
26.641,44.327,1
23.139,51.258,1
23.708,43.206,1
25.094,49.185,1
23.951,29.923,1
25.76,56.761,1
24.203,39.102,1
24.482,44.592,1
25.211,55.998,1
22.822,33.139,1
24.68,59.586,1
27.015,54.337,1
25.587,52.8,1
24.001,34.598,1
26.046,37.329,1
27.063,52.408,1
26.275,47.92,1
24.415,43.255,1
24.342,47.751,1
24.63,40.323,1
23.951,47.116,1
25.029,55.049,1
23.994,39.718,1
24.125,40.341,1
25.321,48.736,1
24.436,44.422,1
24.796,48.606,1
27.148,52.386,1
25.368,32.696,1
26.19,66.605,1
25.438,47.998,1
25.603,50.97,1
23.651,36.232,1
24.453,46.446,1
24.738,46.268,1
24.553,38.7,1
24.797,47.036,1
25.16,34.187,1
24.777,72.016,1
25.69,52.36,1
24.752,54.095,1
26.084,53.39,1
24.987,41.441,1
24.405,49.62,1
23.749,21.645,1
24.231,38.563,1
24.746,55.034,1
26.202,48.096,1
23.728,26.494,1
26.04,36.072,1
24.908,57.92,1
24.169,31.122,1
23.681,48.907,1
25.549,31.85,1
23.094,56.677,1
24.538,54.41,1
24.56,58.447,1
24.837,46.071,1
25.581,54.024,1
24.385,51.191,1
25.12,36.772,1
23.782,49.399,1
25.058,42.95,1
25.608,38.096,1
24.648,37.959,1
25.369,61.316,1
25.105,58.206,1
24.656,45.785,1
24.939,29.211,1
24.805,55.492,1
23.026,59.494,1
23.501,54.705,1
25.433,47.792,1
22.912,33.59,1
26.158,50.157,1
23.59,39.47,1
25.031,41.984,1
25.472,49.552,1
24.363,42.858,1
26.163,51.745,1
23.629,57.77,1
25.907,35.734,1
25.149,52.675,1
24.849,53.827,1
26.012,47.976,1
25.539,29.983,1
23.796,39.886,1
26.412,74.075,1
26.004,58.096,1
25.104,37.983,1
25.15,46.162,1
26.336,46.829,1
26.658,52.482,1
25.613,53.494,1
23.837,56.699,1
25.12,51.249,1
25.82,41.911,1
24.166,57.999,1
23.794,40.916,1
25.006,55.355,1
25.112,68.129,1
25.378,51.606,1
26.23,34.404,1
22.818,53.884,1
25.1,53.917,1
24.794,39.068,1
25.016,56.15,1
25.167,50.61,1
26.026,40.116,1
25.559,52.162,1
24.954,48.134,1
25.089,31.575,1
25.105,52.204,1
24.867,33.8,1
26.322,55.895,1
23.088,33.603,1
23.599,53.166,1
26.598,52.594,1
25.574,35.45,1
25.631,55.071,1
26.158,61.445,1
22.982,32.115,1
26.439,41.793,1
23.834,37.197,1
24.017,45.003,1
26.036,64.596,1
23.844,47.883,1
25.531,63.483,1
26.427,48.461,1
24.35,61.033,1
24.411,42.25,1
25.672,45.658,1
25.896,33.362,1
25.342,57.343,1
23.419,45.718,1
26.61,45.818,1
25.622,39.218,1
22.643,52.653,1
24.1,51.358,1
23.94,38.049,1
24.222,62.023,1
25.256,49.268,1
24.285,46.583,1
26.225,68.676,1
26.109,49.303,1
25.074,48.05,1
23.947,45.021,1
24.999,71.463,1
25.407,71.771,1
26.162,60.905,1
24.536,47.638,1
25.08,43.451,1
24.003,53.143,1
24.539,49.858,1
26.168,35.232,1
26.596,63.034,1
24.655,44.56,1
24.736,56.224,1
24.239,48.053,1
23.47,47.742,1
25.373,36.938,1
25.473,41.672,1
25.604,44.068,1
25.026,49.806,1
25.529,53.912,1
25.165,47.278,1
26.244,43.624,1
25.375,60.906,1
26.451,51.359,1
26.072,55.83,1
25.359,54.098,1
23.758,39.965,1
25.517,44.129,1
25.321,58.877,1
26.919,71.476,1
25.742,55.475,1
23.869,42.118,1
24.207,61.492,1
25.964,34.544,1
24.807,41.404,1
23.797,61.508,1
25.491,46.228,1
25.494,65.632,1
24.881,32.715,1
25.862,44.291,1
24.896,53.236,1
26.865,53.795,1
23.902,51.683,1
25.908,50.583,1
25.991,44.725,1
26.267,61.209,1
24.875,43.236,1
24.587,37.027,1
26.741,50.634,1
25.547,24.831,1
24.415,57.725,1
25.832,55.744,1
26.587,50.854,1
25.666,43.774,1
24.274,31.191,1
25.979,33.735,1
23.462,55.259,1
25.777,51.761,1
25.978,54.762,1
24.778,48.348,1
25.277,53.315,1
25.15,34.201,1
24.464,55.901,1
24.142,52.751,1
24.721,58.635,1
24.378,50.502,1
26.514,41.365,1
23.645,53.388,1
26.799,40.001,1
24.765,59.664,1
24.229,52.405,1
24.456,42.851,1
23.959,52.68,1
22.968,63.895,1
25.816,40.967,1
24.846,66.81,1
24.162,50.14,1
23.694,59.748,1
24.437,52.359,1
23.749,53.561,1
26.299,69.28,1
23.104,49.979,1
24.042,47.553,1
24.117,51.001,1
25.475,61.432,1
25.254,48.113,1
24.855,40.627,1
24.828,47.575,1
25.398,56.142,1
24.205,49.068,1
25.484,54.626,1
23.677,41.15,1
25.54,64.144,1
24.493,53.356,1
26.128,55.014,1
23.777,49.082,1
24.546,55.684,1
24.179,48.357,1
25.94,49.498,1
23.589,56.512,1
25.884,47.861,1
25.463,49.9,1
25.566,36.705,1
24.312,46.937,1
25.475,38.034,1
26.751,42.365,1
24.309,42.612,1
25.253,69.304,1
24.737,60.841,1
23.9,52.14,1
24.175,52.225,1
25.525,62.389,1
24.955,29.198,1
22.547,35.154,1
25.532,49.944,1
24.682,41.944,1
25.918,37.936,1
24.356,45.139,1
27.307,58.537,1
24.051,58.569,1
25.766,50.068,1
23.925,51.825,1
25.195,56.34,1
23.852,22.983,1
26.255,57.659,1
24.979,29.212,1
26.495,54.7,1
24.903,55.322,1
23.376,54.355,1
24.157,43.31,1
24.608,55.538,1
26.381,57.236,1
27.729,62.366,1
24.886,34.255,1
25.318,42.007,1
26.25,54.583,1
23.859,46.691,1
24.684,56.568,1
25.67,55.383,1
25.353,52.426,1
24.916,54.37,1
24.023,50.799,1
25.104,41.342,1
25.713,56.014,1
24.282,42.896,1
25.074,65.579,1
27.09,62.751,1
25.477,43.585,1
25.593,52.164,1
23.964,34.691,1
24.449,50.383,1
24.683,65.231,1
24.161,51.03,1
23.791,58.219,1
23.434,60.679,1
24.792,51.162,1
25.833,62.005,1
25.617,48.506,1
25.676,52.919,1
25.912,35.724,1
24.141,41.78,1
24.317,45.739,1
24.764,55.246,1
24.109,37.956,1
25.25,51.811,1
24.337,33.34,1
26.114,47.126,1
24.122,42.123,1
25.563,66.471,1
26.679,44.022,1
23.785,47.198,1
24.449,58.361,1
24.232,42.022,1
23.94,53.211,1
25.261,49.063,1
25.5,41.278,1
24.267,41.535,1
24.488,56.993,1
25.242,44.207,1
25.314,57.85,1
23.889,49.156,1
27.302,43.751,1
24.767,49.017,1
25.088,71.233,1
24.372,50.005,1
24.741,41.866,1
24.096,52.374,1
26.628,47.746,1
23.153,34.202,1
24.815,53.516,1
25.661,40.687,1
23.403,60.77,1
25.461,61.624,1
26.317,58.069,1
25.296,50.521,1
25.0,41.29,1
24.966,52.84,1
24.719,42.097,1
25.58,61.287,1
24.136,35.37,1
25.327,64.844,1
24.661,48.581,1
24.418,42.497,1
23.844,37.378,1
25.675,56.354,1
24.409,53.648,1
26.078,58.469,1
24.972,48.892,1
24.997,44.154,1
23.902,49.934,1
24.0,36.832,1
25.547,48.858,1
24.904,41.513,1
25.059,62.857,1
25.651,55.294,1
25.522,46.474,1
24.644,44.46,1
27.894,63.432,1
28.135,46.784,1
25.44,49.047,1
23.561,54.203,1
24.106,41.427,1
25.582,63.215,1
24.423,52.008,1
24.918,65.718,1
23.003,48.071,1
25.436,78.31,1
26.208,55.27,1
23.786,50.658,1
24.656,36.356,1
24.641,52.246,1
22.515,33.66,1
24.524,46.64,1
24.431,46.137,1
23.606,57.543,1
24.125,46.035,1
25.247,47.446,1
25.341,42.473,1
25.325,46.655,1
24.424,43.836,1
24.175,67.315,1
25.145,41.573,1
24.607,38.103,1
26.036,44.801,1
26.164,62.045,1
24.527,30.13,1
23.367,62.29,1
25.183,40.88,1
24.331,39.391,1
25.822,37.525,1
25.7,55.172,1
23.949,41.988,1
26.048,52.631,1
26.392,51.519,1
25.386,26.227,1
25.61,49.699,1
24.479,53.278,1
24.141,36.265,1
26.255,37.824,1
25.241,49.307,1
24.908,65.502,1
24.931,64.237,1
25.753,67.858,1
24.784,41.061,1
24.502,55.042,1
24.695,44.303,1
24.838,56.754,1
24.514,48.59,1
25.088,31.548,1
24.508,55.196,1
24.545,28.766,1
26.987,75.463,1
25.007,77.069,1
26.708,45.194,1
23.995,48.498,1
25.755,51.553,1
25.011,53.691,1
26.691,57.608,1
24.535,32.998,1
26.792,41.488,1
24.411,57.82,1
25.008,54.508,1
23.844,42.246,1
24.965,36.726,1
24.793,53.432,1
23.891,44.7,1
23.154,57.998,1
25.896,61.552,1
25.495,57.512,1
24.304,52.505,1
24.893,52.782,1
24.275,58.101,1
24.862,42.562,1
25.25,34.338,1
25.353,56.305,1
24.499,52.232,1
24.79,52.771,1
25.516,49.19,1
24.341,26.83,1
24.444,78.38,1
25.082,77.503,1
25.495,45.393,1
24.576,57.91,1
25.797,51.686,1
24.93,52.464,1
24.327,52.76,1
25.094,60.829,1
23.543,41.853,1
23.164,55.318,1
25.339,57.416,1
23.224,22.737,1
24.198,63.881,1
25.999,57.573,1
25.332,44.51,1
24.15,49.629,1
24.985,55.11,1
23.566,45.723,1
23.861,54.115,1
24.832,29.323,1
25.587,52.707,1
24.966,61.071,1
24.916,57.429,1
24.35,51.528,1
25.075,42.269,1
25.796,51.5,1
26.104,39.241,1
25.343,51.549,1
25.122,48.378,1
25.355,55.35,1
25.525,64.414,1
24.518,58.024,1
24.631,41.316,1
24.337,39.662,1
24.371,40.714,1
26.883,43.179,1
25.785,40.4,1
24.315,69.23,1
25.042,63.039,1
25.307,44.387,1
24.91,50.407,1
24.036,73.816,1
26.447,33.66,1
23.812,52.769,1
25.868,70.901,1
25.054,51.542,1
24.187,43.673,1
24.838,62.537,1
23.15,70.757,1
25.275,48.446,1
25.728,62.663,1
24.47,39.877,1
25.298,52.938,1
22.501,53.891,1
24.469,44.952,1
23.663,43.365,1
25.925,57.254,1
25.194,58.944,1
24.953,39.459,1
24.811,43.737,1
24.757,53.938,1
25.785,35.367,1
23.958,38.706,1
25.932,54.192,1
25.7,58.751,1
26.031,53.768,1
24.652,48.893,1
26.081,67.906,1
26.001,53.023,1
25.45,45.17,1
26.123,30.41,1
24.559,54.82,1
24.927,45.424,1
26.348,47.86,1
27.017,50.961,1
23.353,39.736,1
25.937,55.668,1
23.742,47.353,1
25.21,76.732,1
24.412,42.85,1
25.206,53.001,1
24.702,43.625,1
25.394,57.692,1
25.65,41.778,1
24.652,50.425,1
25.669,51.403,1
24.712,53.873,1
25.685,31.893,1
26.177,56.932,1
25.165,51.186,1
25.233,62.076,1
23.197,40.249,1
24.228,47.969,1
24.377,39.774,1
24.849,41.41,1
23.6,54.883,1
23.699,54.071,1
